Batter,Bowler,Balls Faced,Runs Scored (Batter),Total Runs (Incl. Extras),Wickets Taken,Strike Rate,Dismissal Rate
A Badoni,Mohammed Siraj,20,21,23,0,105,0
A Badoni,Mukesh Kumar,25,43,44,1,172,4
A Badoni,Rashid Khan,28,28,29,1,100,3.571428571
A Badoni,SP Narine,31,30,31,3,96.77419355,9.677419355
A Badoni,T Natarajan,20,38,40,0,190,0
A Badoni,TU Deshpande,22,23,26,2,104.5454545,9.090909091
AD Russell,B Kumar,28,62,68,0,221.4285714,0
AD Russell,RA Jadeja,20,28,29,0,140,0
AD Russell,RD Chahar,26,21,23,0,80.76923077,0
AD Russell,T Natarajan,25,41,43,0,164,0
AK Markram,Arshdeep Singh,24,29,29,2,120.8333333,8.333333333
AK Markram,CV Varun,48,75,77,2,156.25,4.166666667
AK Markram,DL Chahar,20,24,24,0,120,0
AK Markram,HH Pandya,20,26,28,1,130,5
AK Markram,Kuldeep Yadav,21,32,32,1,152.3809524,4.761904762
AK Markram,LH Ferguson,25,41,42,1,164,4
AK Markram,M Theekshana,32,43,45,1,134.375,3.125
AK Markram,MA Starc,20,26,26,0,130,0
AK Markram,Mohammed Siraj,30,43,43,0,143.3333333,0
AK Markram,RA Jadeja,24,27,27,0,112.5,0
AK Markram,RD Chahar,24,24,24,1,100,4.166666667
AK Markram,Rashid Khan,25,27,28,0,108,0
AK Markram,SP Narine,54,47,50,1,87.03703704,1.851851852
AK Markram,Yash Dayal,20,18,19,1,90,5
AM Rahane,B Kumar,22,15,17,1,68.18181818,4.545454545
AM Rahane,R Ashwin,24,23,25,2,95.83333333,8.333333333
AM Rahane,Suyash Sharma,20,29,30,0,145,0
AR Patel,Avesh Khan,23,25,27,0,108.6956522,0
AR Patel,CV Varun,25,12,14,1,48,4
AR Patel,JJ Bumrah,21,32,32,1,152.3809524,4.761904762
AR Patel,Noor Ahmad,23,36,37,2,156.5217391,8.695652174
AR Patel,Rashid Khan,52,80,81,0,153.8461538,0
AR Patel,SP Narine,26,32,32,2,123.0769231,7.692307692
AT Rayudu,Avesh Khan,22,30,31,0,136.3636364,0
AT Rayudu,K Rabada,20,14,14,1,70,5
AT Rayudu,Rashid Khan,22,32,32,1,145.4545455,4.545454545
Abdul Samad,CV Varun,23,30,30,1,130.4347826,4.347826087
Abhishek Sharma,Arshdeep Singh,29,44,45,1,151.7241379,3.448275862
Abhishek Sharma,DL Chahar,32,39,42,1,121.875,3.125
Abhishek Sharma,I Sharma,31,63,64,1,203.2258065,3.225806452
Abhishek Sharma,M Theekshana,20,33,33,1,165,5
Abhishek Sharma,Mohammed Siraj,44,43,45,1,97.72727273,2.272727273
Abhishek Sharma,Mukesh Choudhary,27,57,58,1,211.1111111,3.703703704
Abhishek Sharma,R Ashwin,20,28,30,1,140,5
Abhishek Sharma,Rashid Khan,36,82,82,1,227.7777778,2.777777778
Abhishek Sharma,SP Narine,26,51,52,1,196.1538462,3.846153846
Abhishek Sharma,TA Boult,28,33,37,3,117.8571429,10.71428571
Abhishek Sharma,VG Arora,23,17,19,1,73.91304348,4.347826087
Abhishek Sharma,WG Jacks,20,33,33,0,165,0
Abhishek Sharma,Yash Dayal,33,40,45,2,121.2121212,6.060606061
Abhishek Sharma,Yash Thakur,27,72,75,0,266.6666667,0
Abishek Porel,JJ Bumrah,21,14,15,1,66.66666667,4.761904762
B Sai Sudharsan,A Nortje,20,40,41,0,200,0
B Sai Sudharsan,AR Patel,25,51,51,0,204,0
B Sai Sudharsan,Arshdeep Singh,32,37,39,2,115.625,6.25
B Sai Sudharsan,B Kumar,25,24,27,0,96,0
B Sai Sudharsan,DL Chahar,21,25,27,0,119.047619,0
B Sai Sudharsan,K Rabada,21,28,30,0,133.3333333,0
B Sai Sudharsan,KK Ahmed,22,29,31,0,131.8181818,0
B Sai Sudharsan,Kuldeep Yadav,32,36,38,1,112.5,3.125
B Sai Sudharsan,M Jansen,27,30,42,1,111.1111111,3.703703704
B Sai Sudharsan,M Pathirana,23,38,42,2,165.2173913,8.695652174
B Sai Sudharsan,M Theekshana,31,43,48,1,138.7096774,3.225806452
B Sai Sudharsan,MJ Santner,21,40,40,0,190.4761905,0
B Sai Sudharsan,Mukesh Kumar,22,32,33,0,145.4545455,0
B Sai Sudharsan,RA Jadeja,38,65,65,1,171.0526316,2.631578947
B Sai Sudharsan,SN Thakur,20,24,24,0,120,0
B Sai Sudharsan,SP Narine,21,26,27,1,123.8095238,4.761904762
B Sai Sudharsan,Sandeep Sharma,33,31,33,0,93.93939394,0
B Sai Sudharsan,T Natarajan,20,47,47,1,235,5
B Sai Sudharsan,TA Boult,39,43,44,2,110.2564103,5.128205128
B Sai Sudharsan,TU Deshpande,41,65,69,2,158.5365854,4.87804878
B Sai Sudharsan,Yash Dayal,30,28,30,0,93.33333333,0
C Green,Noor Ahmad,22,38,39,1,172.7272727,4.545454545
C Green,R Ashwin,21,20,21,2,95.23809524,9.523809524
D Padikkal,Arshdeep Singh,35,51,53,2,145.7142857,5.714285714
D Padikkal,C Sakariya,25,30,33,0,120,0
D Padikkal,DL Chahar,24,50,52,0,208.3333333,0
D Padikkal,HH Pandya,28,17,20,1,60.71428571,3.571428571
D Padikkal,JO Holder,22,23,25,0,104.5454545,0
D Padikkal,K Rabada,26,48,49,0,184.6153846,0
D Padikkal,Mustafizur Rahman,32,48,56,1,150,3.125
D Padikkal,PVD Chameera,22,25,27,0,113.6363636,0
D Padikkal,PWH de Silva,28,41,42,0,146.4285714,0
D Padikkal,RA Jadeja,35,44,47,1,125.7142857,2.857142857
D Padikkal,RD Chahar,22,21,23,0,95.45454545,0
D Padikkal,Rashid Khan,26,18,19,4,69.23076923,15.38461538
D Padikkal,Ravi Bishnoi,27,34,35,1,125.9259259,3.703703704
D Padikkal,SN Thakur,25,21,24,2,84,8
D Padikkal,TU Deshpande,20,42,43,0,210,0
D Padikkal,Umran Malik,25,16,18,2,64,8
DA Miller,Avesh Khan,32,54,56,2,168.75,6.25
DA Miller,CJ Jordan,21,36,39,0,171.4285714,0
DA Miller,Kuldeep Yadav,25,23,25,1,92,4
DA Miller,M Prasidh Krishna,32,54,58,0,168.75,0
DA Miller,R Ashwin,36,37,37,1,102.7777778,2.777777778
DA Miller,YS Chahal,32,60,60,0,187.5,0
DA Warner,Arshdeep Singh,29,39,43,0,134.4827586,0
DA Warner,B Kumar,30,17,20,2,56.66666667,6.666666667
DA Warner,DL Chahar,37,52,53,1,140.5405405,2.702702703
DA Warner,K Rabada,28,55,56,0,196.4285714,0
DA Warner,Mohammed Shami,25,22,29,1,88,4
DA Warner,Mohammed Siraj,22,39,40,0,177.2727273,0
DA Warner,R Ashwin,31,28,32,0,90.32258065,0
DA Warner,RA Jadeja,31,58,59,0,187.0967742,0
DA Warner,RD Chahar,21,27,29,0,128.5714286,0
DA Warner,SM Curran,28,37,38,1,132.1428571,3.571428571
DA Warner,SP Narine,29,37,41,0,127.5862069,0
DA Warner,TA Boult,45,54,56,0,120,0
DA Warner,TU Deshpande,20,17,18,0,85,0
DA Warner,YS Chahal,32,40,42,1,125,3.125
DJ Hooda,AR Patel,21,27,28,0,128.5714286,0
DJ Hooda,HH Pandya,24,29,29,1,120.8333333,4.166666667
DJ Hooda,R Ashwin,30,31,32,2,103.3333333,6.666666667
DJ Hooda,Rashid Khan,32,32,33,3,100,9.375
DJ Hooda,Shahbaz Ahmed,21,22,24,1,104.7619048,4.761904762
DJ Hooda,TA Boult,36,55,60,0,152.7777778,0
DJ Hooda,YS Chahal,34,49,50,3,144.1176471,8.823529412
DP Conway,A Nortje,21,30,30,1,142.8571429,4.761904762
DP Conway,B Kumar,21,17,20,0,80.95238095,0
DP Conway,GJ Maxwell,24,28,28,0,116.6666667,0
DP Conway,KK Ahmed,26,32,35,1,123.0769231,3.846153846
DP Conway,Kuldeep Yadav,20,43,45,0,215,0
DP Conway,M Jansen,36,69,73,0,191.6666667,0
DP Conway,Noor Ahmad,23,23,25,1,100,4.347826087
Dhruv Jurel,KH Pandya,25,23,25,0,92,0
Dhruv Jurel,PJ Cummins,20,37,38,1,185,5
Dhruv Jurel,Suyash Sharma,20,25,26,0,125,0
F du Plessis,AR Patel,20,18,18,1,90,5
F du Plessis,Abhishek Sharma,29,38,38,0,131.0344828,0
F du Plessis,Arshdeep Singh,55,62,76,1,112.7272727,1.818181818
F du Plessis,Avesh Khan,36,50,52,1,138.8888889,2.777777778
F du Plessis,B Kumar,39,62,62,0,158.974359,0
F du Plessis,CV Varun,41,59,65,2,143.902439,4.87804878
F du Plessis,Harpreet Brar,38,66,72,1,173.6842105,2.631578947
F du Plessis,JD Unadkat,28,56,57,2,200,7.142857143
F du Plessis,JO Holder,33,44,44,3,133.3333333,9.090909091
F du Plessis,JP Behrendorff,20,42,42,0,210,0
F du Plessis,KH Pandya,42,45,46,1,107.1428571,2.380952381
F du Plessis,KK Ahmed,23,38,39,1,165.2173913,4.347826087
F du Plessis,LH Ferguson,29,58,60,0,200,0
F du Plessis,M Prasidh Krishna,29,27,28,1,93.10344828,3.448275862
F du Plessis,M Theekshana,26,24,25,1,92.30769231,3.846153846
F du Plessis,Mohammed Shami,34,54,58,1,158.8235294,2.941176471
F du Plessis,Mustafizur Rahman,25,30,31,1,120,4
F du Plessis,PJ Cummins,38,73,76,2,192.1052632,5.263157895
F du Plessis,PP Chawla,26,27,27,0,103.8461538,0
F du Plessis,R Ashwin,40,45,45,0,112.5,0
F du Plessis,RA Jadeja,20,35,35,0,175,0
F du Plessis,RD Chahar,33,40,40,0,121.2121212,0
F du Plessis,Rashid Khan,29,17,17,2,58.62068966,6.896551724
F du Plessis,Ravi Bishnoi,49,83,84,1,169.3877551,2.040816327
F du Plessis,SP Narine,36,30,31,1,83.33333333,2.777777778
F du Plessis,Sandeep Sharma,46,65,66,1,141.3043478,2.173913043
F du Plessis,TA Boult,66,80,83,2,121.2121212,3.03030303
F du Plessis,YS Chahal,28,27,27,2,96.42857143,7.142857143
F du Plessis,Yash Dayal,21,20,22,1,95.23809524,4.761904762
GJ Maxwell,AR Patel,30,40,40,0,133.3333333,0
GJ Maxwell,Avesh Khan,23,47,48,0,204.3478261,0
GJ Maxwell,CV Varun,33,50,51,5,151.5151515,15.15151515
GJ Maxwell,KH Pandya,20,30,31,2,150,10
GJ Maxwell,R Ashwin,32,50,53,3,156.25,9.375
GJ Maxwell,RA Jadeja,21,35,35,2,166.6666667,9.523809524
GJ Maxwell,RD Chahar,28,47,48,0,167.8571429,0
GJ Maxwell,Rashid Khan,28,41,47,1,146.4285714,3.571428571
GJ Maxwell,Ravi Bishnoi,20,37,37,1,185,5
GJ Maxwell,SP Narine,26,15,15,2,57.69230769,7.692307692
GJ Maxwell,TA Boult,23,27,32,1,117.3913043,4.347826087
GJ Maxwell,YS Chahal,23,43,45,0,186.9565217,0
H Klaasen,AR Patel,21,29,31,1,138.0952381,4.761904762
H Klaasen,CV Varun,37,78,80,1,210.8108108,2.702702703
H Klaasen,HV Patel,23,35,36,2,152.173913,8.695652174
H Klaasen,Harshit Rana,26,48,48,2,184.6153846,7.692307692
H Klaasen,JJ Bumrah,25,41,43,2,164,8
H Klaasen,Rashid Khan,32,46,46,1,143.75,3.125
H Klaasen,SN Thakur,22,35,35,2,159.0909091,9.090909091
H Klaasen,SP Narine,40,70,71,0,175,0
H Klaasen,Sandeep Sharma,22,36,37,2,163.6363636,9.090909091
H Klaasen,TA Boult,24,33,36,0,137.5,0
H Klaasen,YS Chahal,28,53,54,1,189.2857143,3.571428571
HH Pandya,A Nortje,30,37,39,1,123.3333333,3.333333333
HH Pandya,AR Patel,35,36,36,0,102.8571429,0
HH Pandya,Arshdeep Singh,29,20,22,1,68.96551724,3.448275862
HH Pandya,Avesh Khan,40,35,35,3,87.5,7.5
HH Pandya,B Kumar,22,27,29,1,122.7272727,4.545454545
HH Pandya,CV Varun,25,21,23,1,84,4
HH Pandya,KH Pandya,33,29,31,1,87.87878788,3.03030303
HH Pandya,KK Ahmed,26,37,37,3,142.3076923,11.53846154
HH Pandya,Kuldeep Yadav,33,40,40,0,121.2121212,0
HH Pandya,M Prasidh Krishna,34,43,44,1,126.4705882,2.941176471
HH Pandya,OC McCoy,20,25,28,0,125,0
HH Pandya,R Ashwin,41,69,71,0,168.2926829,0
HH Pandya,Ravi Bishnoi,30,63,63,0,210,0
HH Pandya,YS Chahal,54,48,49,3,88.88888889,5.555555556
Ishan Kishan,AR Patel,36,59,59,1,163.8888889,2.777777778
Ishan Kishan,B Kumar,34,62,70,1,182.3529412,2.941176471
Ishan Kishan,KH Pandya,38,60,60,0,157.8947368,0
Ishan Kishan,KK Ahmed,36,58,60,0,161.1111111,0
Ishan Kishan,Lalit Yadav,31,24,25,1,77.41935484,3.225806452
Ishan Kishan,M Prasidh Krishna,26,30,32,1,115.3846154,3.846153846
Ishan Kishan,Mohammed Shami,30,29,31,0,96.66666667,0
Ishan Kishan,Mohammed Siraj,45,55,58,1,122.2222222,2.222222222
Ishan Kishan,R Ashwin,29,25,26,1,86.20689655,3.448275862
Ishan Kishan,Rashid Khan,32,31,31,2,96.875,6.25
Ishan Kishan,Ravi Bishnoi,31,22,24,4,70.96774194,12.90322581
Ishan Kishan,SN Thakur,29,56,57,1,193.1034483,3.448275862
Ishan Kishan,SP Narine,34,47,47,1,138.2352941,2.941176471
Ishan Kishan,Sandeep Sharma,22,35,35,1,159.0909091,4.545454545
Ishan Kishan,TA Boult,35,36,39,2,102.8571429,5.714285714
Ishan Kishan,TU Deshpande,27,24,30,0,88.88888889,0
Ishan Kishan,VG Arora,23,20,23,3,86.95652174,13.04347826
Ishan Kishan,Washington Sundar,24,21,21,0,87.5,0
JC Buttler,AR Patel,29,38,38,1,131.0344828,3.448275862
JC Buttler,Avesh Khan,25,37,37,2,148,8
JC Buttler,B Kumar,44,47,51,2,106.8181818,4.545454545
JC Buttler,CV Varun,31,53,54,1,170.9677419,3.225806452
JC Buttler,DR Sams,22,30,30,0,136.3636364,0
JC Buttler,HH Pandya,30,46,47,2,153.3333333,6.666666667
JC Buttler,HV Patel,27,40,40,0,148.1481481,0
JC Buttler,Harshit Rana,24,40,43,1,166.6666667,4.166666667
JC Buttler,JJ Bumrah,53,38,42,1,71.69811321,1.886792453
JC Buttler,JR Hazlewood,24,38,38,1,158.3333333,4.166666667
JC Buttler,KK Ahmed,44,60,61,1,136.3636364,2.272727273
JC Buttler,Kuldeep Yadav,41,63,64,1,153.6585366,2.43902439
JC Buttler,M Jansen,26,46,50,1,176.9230769,3.846153846
JC Buttler,M Theekshana,39,55,60,1,141.025641,2.564102564
JC Buttler,MA Starc,28,51,59,1,182.1428571,3.571428571
JC Buttler,Mohammed Shami,48,61,68,1,127.0833333,2.083333333
JC Buttler,Mohammed Siraj,39,52,54,2,133.3333333,5.128205128
JC Buttler,Mukesh Kumar,22,33,36,1,150,4.545454545
JC Buttler,PJ Cummins,30,42,44,3,140,10
JC Buttler,PWH de Silva,29,52,53,0,179.3103448,0
JC Buttler,RA Jadeja,27,27,34,2,100,7.407407407
JC Buttler,Rashid Khan,36,21,21,1,58.33333333,2.777777778
JC Buttler,SP Narine,23,15,16,0,65.2173913,0
JC Buttler,Sandeep Sharma,32,55,59,1,171.875,3.125
JC Buttler,Shivam Mavi,20,20,22,0,100,0
JC Buttler,TU Deshpande,24,28,28,0,116.6666667,0
JC Buttler,UT Yadav,29,40,44,0,137.9310345,0
JC Buttler,Yash Dayal,51,100,102,1,196.0784314,1.960784314
JM Bairstow,M Prasidh Krishna,22,47,50,0,213.6363636,0
JM Bairstow,Mohammed Siraj,26,52,53,1,200,3.846153846
JM Bairstow,R Ashwin,20,21,21,1,105,5
JM Bairstow,TA Boult,30,58,59,0,193.3333333,0
JM Sharma,Kuldeep Yadav,28,31,31,2,110.7142857,7.142857143
JM Sharma,Rashid Khan,23,37,37,1,160.8695652,4.347826087
JM Sharma,YS Chahal,38,41,44,3,107.8947368,7.894736842
JP Inglis,KH Pandya,20,30,30,1,150,5
KA Pollard,M Prasidh Krishna,31,28,37,1,90.32258065,3.225806452
KD Karthik,AD Russell,20,44,44,1,220,5
KD Karthik,Arshdeep Singh,22,37,39,3,168.1818182,13.63636364
KD Karthik,Avesh Khan,28,32,38,2,114.2857143,7.142857143
KD Karthik,M Theekshana,22,40,41,0,181.8181818,0
KD Karthik,Mustafizur Rahman,28,54,57,0,192.8571429,0
KD Karthik,RA Jadeja,22,30,31,1,136.3636364,4.545454545
KD Karthik,T Natarajan,21,38,41,1,180.952381,4.761904762
KD Karthik,TU Deshpande,25,35,40,3,140,12
KD Karthik,YS Chahal,24,19,19,1,79.16666667,4.166666667
KH Pandya,HV Patel,29,39,44,2,134.4827586,6.896551724
KH Pandya,Kuldeep Yadav,32,31,33,1,96.875,3.125
KH Pandya,Mukesh Kumar,27,43,45,1,159.2592593,3.703703704
KH Pandya,R Ashwin,20,16,16,1,80,5
KL Rahul,AR Patel,26,17,18,0,65.38461538,0
KL Rahul,Arshdeep Singh,35,42,48,2,120,5.714285714
KL Rahul,Avesh Khan,39,58,60,1,148.7179487,2.564102564
KL Rahul,B Kumar,51,52,58,2,101.9607843,3.921568627
KL Rahul,C Sakariya,38,61,64,3,160.5263158,7.894736842
KL Rahul,CH Morris,20,31,34,0,155,0
KL Rahul,CV Varun,30,32,33,0,106.6666667,0
KL Rahul,DL Chahar,42,74,77,0,176.1904762,0
KL Rahul,DR Sams,31,43,48,0,138.7096774,0
KL Rahul,HV Patel,32,45,50,1,140.625,3.125
KL Rahul,J Yadav,21,17,17,0,80.95238095,0
KL Rahul,JD Unadkat,27,42,43,1,155.5555556,3.703703704
KL Rahul,JJ Bumrah,50,53,56,0,106,0
KL Rahul,JR Hazlewood,52,85,87,1,163.4615385,1.923076923
KL Rahul,K Rabada,36,66,71,3,183.3333333,8.333333333
KL Rahul,KH Pandya,36,41,41,0,113.8888889,0
KL Rahul,M Pathirana,22,23,27,2,104.5454545,9.090909091
KL Rahul,M Prasidh Krishna,28,37,38,2,132.1428571,7.142857143
KL Rahul,Mohammed Shami,34,32,35,2,94.11764706,5.882352941
KL Rahul,Mohammed Siraj,74,114,117,1,154.0540541,1.351351351
KL Rahul,Mukesh Choudhary,23,36,36,0,156.5217391,0
KL Rahul,Mustafizur Rahman,46,62,64,1,134.7826087,2.173913043
KL Rahul,N Thushara,20,24,25,0,120,0
KL Rahul,Noor Ahmad,28,42,42,0,150,0
KL Rahul,R Ashwin,50,57,63,0,114,0
KL Rahul,RA Jadeja,20,33,34,0,165,0
KL Rahul,RD Chahar,24,21,22,0,87.5,0
KL Rahul,Rashid Khan,31,41,41,0,132.2580645,0
KL Rahul,SN Thakur,26,49,52,1,188.4615385,3.846153846
KL Rahul,SP Narine,42,32,33,0,76.19047619,0
KL Rahul,Sandeep Sharma,42,39,40,1,92.85714286,2.380952381
KL Rahul,Shahbaz Ahmed,42,41,41,1,97.61904762,2.380952381
KL Rahul,Shivam Mavi,22,14,15,0,63.63636364,0
KL Rahul,Suyash Sharma,26,16,16,0,61.53846154,0
KL Rahul,TA Boult,43,48,49,2,111.627907,4.651162791
KL Rahul,TG Southee,21,44,45,0,209.5238095,0
KL Rahul,TU Deshpande,21,26,32,0,123.8095238,0
KL Rahul,YS Chahal,38,59,60,0,155.2631579,0
KL Rahul,Yash Dayal,27,47,53,0,174.0740741,0
KR Mayers,DL Chahar,22,34,36,0,154.5454545,0
KS Williamson,AR Patel,23,15,16,1,65.2173913,4.347826087
KS Williamson,K Rabada,20,18,20,1,90,5
KS Williamson,UT Yadav,23,14,15,0,60.86956522,0
LS Livingstone,Kuldeep Yadav,20,20,20,1,100,5
LS Livingstone,Rashid Khan,31,51,52,2,164.516129,6.451612903
LS Livingstone,Shahbaz Ahmed,20,36,36,0,180,0
M Jansen,M Pathirana,22,28,30,1,127.2727273,4.545454545
M Shahrukh Khan,HV Patel,20,25,29,1,125,5
M Shahrukh Khan,RA Jadeja,22,20,21,1,90.90909091,4.545454545
M Shahrukh Khan,SN Thakur,22,34,36,0,154.5454545,0
MA Agarwal,AR Patel,25,22,22,3,88,12
MA Agarwal,Avesh Khan,25,39,39,0,156,0
MA Agarwal,PP Chawla,20,30,30,0,150,0
MA Agarwal,YS Chahal,22,16,21,4,72.72727273,18.18181818
MK Pandey,RA Jadeja,23,20,21,0,86.95652174,0
MK Pandey,Washington Sundar,23,21,22,0,91.30434783,0
MM Ali,Avesh Khan,23,37,38,1,160.8695652,4.347826087
MM Ali,HV Patel,21,22,25,2,104.7619048,9.523809524
MM Ali,M Prasidh Krishna,21,32,32,1,152.3809524,4.761904762
MM Ali,Mohammed Shami,28,35,38,0,125,0
MM Ali,R Ashwin,39,48,51,1,123.0769231,2.564102564
MM Ali,Rashid Khan,30,36,39,3,120,10
MM Ali,Ravi Bishnoi,21,33,33,2,157.1428571,9.523809524
MM Ali,YS Chahal,29,40,41,0,137.9310345,0
MP Stoinis,C Green,27,38,38,2,140.7407407,7.407407407
MP Stoinis,HV Patel,21,28,35,2,133.3333333,9.523809524
MP Stoinis,JR Hazlewood,20,28,28,1,140,5
MP Stoinis,Mustafizur Rahman,24,47,48,1,195.8333333,4.166666667
MP Stoinis,PP Chawla,31,37,42,1,119.3548387,3.225806452
MP Stoinis,RD Chahar,27,46,47,2,170.3703704,7.407407407
MP Stoinis,SN Thakur,22,31,38,1,140.9090909,4.545454545
MP Stoinis,YS Chahal,21,29,29,0,138.0952381,0
MR Marsh,AR Patel,21,20,20,0,95.23809524,0
MR Marsh,HV Patel,21,28,30,1,133.3333333,4.761904762
MR Marsh,K Rabada,25,39,45,1,156,4
MR Marsh,M Prasidh Krishna,30,50,50,0,166.6666667,0
MR Marsh,Mohammed Siraj,20,15,16,0,75,0
MR Marsh,TA Boult,31,47,47,1,151.6129032,3.225806452
MS Dhoni,AD Russell,23,36,37,1,156.5217391,4.347826087
MS Dhoni,Arshdeep Singh,21,32,35,1,152.3809524,4.761904762
MS Dhoni,YS Chahal,21,20,22,2,95.23809524,9.523809524
N Pooran,Arshdeep Singh,32,49,51,2,153.125,6.25
N Pooran,CV Varun,45,71,75,2,157.7777778,4.444444444
N Pooran,HV Patel,29,49,56,0,168.9655172,0
N Pooran,Harshit Rana,22,36,39,0,163.6363636,0
N Pooran,K Rabada,27,28,32,2,103.7037037,7.407407407
N Pooran,Kuldeep Yadav,32,44,44,1,137.5,3.125
N Pooran,M Prasidh Krishna,23,10,11,0,43.47826087,0
N Pooran,Mohammed Siraj,28,51,53,1,182.1428571,3.571428571
N Pooran,PJ Cummins,26,43,45,1,165.3846154,3.846153846
N Pooran,Rashid Khan,26,39,41,1,150,3.846153846
N Pooran,SP Narine,33,34,35,1,103.030303,3.03030303
N Pooran,Sandeep Sharma,22,33,34,3,150,13.63636364
N Pooran,VG Arora,21,29,35,0,138.0952381,0
N Pooran,YS Chahal,28,39,40,2,139.2857143,7.142857143
N Rana,AR Patel,20,36,37,1,180,5
N Rana,Avesh Khan,20,24,26,1,120,5
N Rana,B Kumar,20,21,22,0,105,0
N Rana,DL Chahar,28,23,33,1,82.14285714,3.571428571
N Rana,Kuldeep Yadav,21,35,36,0,166.6666667,0
N Rana,Lalit Yadav,23,49,50,1,213.0434783,4.347826087
N Rana,M Jansen,39,34,42,1,87.17948718,2.564102564
N Rana,NT Ellis,20,21,22,0,105,0
N Rana,R Ashwin,43,75,76,1,174.4186047,2.325581395
N Rana,RD Chahar,23,24,24,3,104.3478261,13.04347826
N Rana,Rashid Khan,33,39,39,1,118.1818182,3.03030303
N Rana,T Natarajan,46,73,73,2,158.6956522,4.347826087
N Rana,TA Boult,27,37,38,1,137.037037,3.703703704
N Rana,Umran Malik,27,44,47,1,162.962963,3.703703704
N Rana,YS Chahal,34,39,40,4,114.7058824,11.76470588
N Wadhera,M Theekshana,28,35,36,0,125,0
N Wadhera,PWH de Silva,36,72,72,1,200,2.777777778
N Wadhera,Ravi Bishnoi,25,37,37,1,148,4
N Wadhera,Suyash Sharma,20,28,32,0,140,0
Nithish Kumar Reddy,Harpreet Brar,20,45,46,0,225,0
P Simran Singh,AR Patel,34,34,42,1,100,2.941176471
P Simran Singh,Avesh Khan,24,47,47,0,195.8333333,0
P Simran Singh,B Kumar,43,70,70,4,162.7906977,9.302325581
P Simran Singh,I Sharma,28,44,45,1,157.1428571,3.571428571
P Simran Singh,KK Ahmed,31,39,39,0,125.8064516,0
P Simran Singh,Kuldeep Yadav,26,46,46,1,176.9230769,3.846153846
P Simran Singh,TA Boult,31,31,31,3,100,9.677419355
PD Salt,Arshdeep Singh,29,37,38,2,127.5862069,6.896551724
PD Salt,Harpreet Brar,21,35,35,1,166.6666667,4.761904762
PD Salt,KK Ahmed,33,50,57,0,151.5151515,0
PD Salt,Mohammed Siraj,29,56,59,2,193.1034483,6.896551724
PJ Cummins,SN Thakur,20,36,39,1,180,5
PP Shaw,Arshdeep Singh,21,32,35,1,152.3809524,4.761904762
PP Shaw,DL Chahar,36,52,54,1,144.4444444,2.777777778
PP Shaw,DR Sams,21,29,29,0,138.0952381,0
PP Shaw,Mohammed Siraj,22,32,36,2,145.4545455,9.090909091
PP Shaw,RA Jadeja,20,37,37,2,185,10
PP Shaw,SP Narine,21,36,37,0,171.4285714,0
Priyansh Arya,B Kumar,20,17,17,0,85,0
Priyansh Arya,KK Ahmed,20,38,39,1,190,5
Q de Kock,CV Varun,24,32,32,2,133.3333333,8.333333333
Q de Kock,DL Chahar,29,28,29,3,96.55172414,10.34482759
Q de Kock,JD Unadkat,24,32,32,0,133.3333333,0
Q de Kock,K Rabada,22,40,41,0,181.8181818,0
Q de Kock,KK Ahmed,24,34,35,1,141.6666667,4.166666667
Q de Kock,M Prasidh Krishna,21,24,32,1,114.2857143,4.761904762
Q de Kock,Mohammed Shami,24,23,29,2,95.83333333,8.333333333
Q de Kock,Mohammed Siraj,26,43,45,1,165.3846154,3.846153846
Q de Kock,Mustafizur Rahman,30,35,38,1,116.6666667,3.333333333
Q de Kock,RA Jadeja,22,34,34,0,154.5454545,0
Q de Kock,Rashid Khan,24,34,34,1,141.6666667,4.166666667
Q de Kock,SN Thakur,21,21,22,1,100,4.761904762
Q de Kock,SP Narine,31,34,34,1,109.6774194,3.225806452
Q de Kock,Sandeep Sharma,23,19,20,1,82.60869565,4.347826087
Q de Kock,TG Southee,27,48,49,1,177.7777778,3.703703704
Q de Kock,TU Deshpande,31,45,47,0,145.1612903,0
R Ashwin,Kuldeep Yadav,21,26,27,1,123.8095238,4.761904762
R Parag,AR Patel,31,30,30,2,96.77419355,6.451612903
R Parag,Arshdeep Singh,28,44,45,1,157.1428571,3.571428571
R Parag,HV Patel,30,49,50,3,163.3333333,10
R Parag,Harshit Rana,25,44,47,2,176,8
R Parag,KH Pandya,32,32,33,1,100,3.125
R Parag,Kuldeep Yadav,29,35,36,0,120.6896552,0
R Parag,Noor Ahmad,32,48,51,1,150,3.125
R Parag,Rashid Khan,25,23,23,2,92,8
R Parag,Ravi Bishnoi,22,20,21,1,90.90909091,4.545454545
R Parag,T Natarajan,20,26,29,2,130,10
R Ravindra,TA Boult,25,24,25,0,96,0
R Tewatia,HV Patel,30,46,50,0,153.3333333,0
RA Jadeja,Arshdeep Singh,23,30,33,2,130.4347826,8.695652174
RA Jadeja,HV Patel,27,60,64,1,222.2222222,3.703703704
RA Jadeja,JJ Bumrah,30,34,37,1,113.3333333,3.333333333
RA Jadeja,KH Pandya,25,24,30,0,96,0
RA Jadeja,MM Sharma,20,40,40,1,200,5
RA Jadeja,Mohammed Siraj,27,39,39,0,144.4444444,0
RA Jadeja,RD Chahar,34,29,31,1,85.29411765,2.941176471
RA Jadeja,Ravi Bishnoi,23,28,29,1,121.7391304,4.347826087
RA Jadeja,Sandeep Sharma,21,27,29,0,128.5714286,0
RA Jadeja,Suyash Sharma,28,50,52,0,178.5714286,0
RA Jadeja,Yash Thakur,22,25,26,0,113.6363636,0
RA Tripathi,AD Russell,22,41,44,3,186.3636364,13.63636364
RA Tripathi,Arshdeep Singh,27,30,32,0,111.1111111,0
RA Tripathi,CV Varun,23,38,39,0,165.2173913,0
RA Tripathi,HV Patel,21,28,30,2,133.3333333,9.523809524
RA Tripathi,Harpreet Brar,21,27,28,1,128.5714286,4.761904762
RA Tripathi,JJ Bumrah,22,43,43,0,195.4545455,0
RA Tripathi,KH Pandya,30,37,38,1,123.3333333,3.333333333
RA Tripathi,RD Chahar,31,55,55,2,177.4193548,6.451612903
RA Tripathi,Ravi Bishnoi,33,29,30,2,87.87878788,6.060606061
RA Tripathi,SP Narine,40,40,41,2,100,5
RA Tripathi,VG Arora,22,21,27,0,95.45454545,0
RD Gaikwad,A Nortje,32,46,57,2,143.75,6.25
RD Gaikwad,AR Patel,36,56,56,1,155.5555556,2.777777778
RD Gaikwad,AS Joseph,25,47,47,1,188,4
RD Gaikwad,Arshdeep Singh,38,40,43,3,105.2631579,7.894736842
RD Gaikwad,Avesh Khan,22,19,25,1,86.36363636,4.545454545
RD Gaikwad,B Kumar,49,69,70,0,140.8163265,0
RD Gaikwad,C Sakariya,21,13,14,1,61.9047619,4.761904762
RD Gaikwad,CV Varun,39,29,31,2,74.35897436,5.128205128
RD Gaikwad,K Rabada,40,46,47,3,115,7.5
RD Gaikwad,KK Ahmed,27,16,19,1,59.25925926,3.703703704
RD Gaikwad,M Jansen,20,30,30,0,150,0
RD Gaikwad,Mohammed Shami,60,45,47,0,75,0
RD Gaikwad,Mohammed Siraj,42,53,53,1,126.1904762,2.380952381
RD Gaikwad,RD Chahar,37,40,40,1,108.1081081,2.702702703
RD Gaikwad,Rashid Khan,66,108,108,2,163.6363636,3.03030303
RD Gaikwad,SM Curran,23,38,40,0,165.2173913,0
RD Gaikwad,SP Narine,34,51,51,1,150,2.941176471
RD Gaikwad,Sandeep Sharma,53,50,54,1,94.33962264,1.886792453
RD Gaikwad,T Natarajan,28,35,37,3,125,10.71428571
RD Gaikwad,TA Boult,27,34,36,2,125.9259259,7.407407407
RD Gaikwad,Umran Malik,23,40,41,0,173.9130435,0
RD Gaikwad,VG Arora,20,27,27,0,135,0
RD Gaikwad,YS Chahal,30,33,34,2,110,6.666666667
RD Gaikwad,Yash Dayal,32,52,52,2,162.5,6.25
RD Gaikwad,Yash Thakur,20,38,38,1,190,5
RG Sharma,AR Patel,25,30,34,1,120,4
RG Sharma,Arshdeep Singh,25,30,30,0,120,0
RG Sharma,B Kumar,34,52,52,0,152.9411765,0
RG Sharma,CV Varun,40,38,39,1,95,2.5
RG Sharma,DL Chahar,22,25,27,1,113.6363636,4.545454545
RG Sharma,HV Patel,25,28,30,1,112,4
RG Sharma,JD Unadkat,21,40,40,0,190.4761905,0
RG Sharma,KH Pandya,28,30,34,1,107.1428571,3.571428571
RG Sharma,KK Ahmed,44,30,36,2,68.18181818,4.545454545
RG Sharma,Mohammed Shami,40,46,48,2,115,5
RG Sharma,Mohammed Siraj,55,70,71,1,127.2727273,1.818181818
RG Sharma,Mohsin Khan,21,33,34,1,157.1428571,4.761904762
RG Sharma,Mustafizur Rahman,32,51,53,2,159.375,6.25
RG Sharma,PJ Cummins,26,35,35,4,134.6153846,15.38461538
RG Sharma,R Ashwin,20,25,25,1,125,5
RG Sharma,Rashid Khan,30,38,38,3,126.6666667,10
RG Sharma,Ravi Bishnoi,28,32,33,3,114.2857143,10.71428571
RG Sharma,SN Thakur,29,36,36,1,124.137931,3.448275862
RG Sharma,TU Deshpande,22,27,27,1,122.7272727,4.545454545
RG Sharma,UT Yadav,24,27,28,1,112.5,4.166666667
RK Singh,AR Patel,20,18,19,1,90,5
RK Singh,HV Patel,29,47,50,2,162.0689655,6.896551724
RK Singh,M Pathirana,27,28,32,1,103.7037037,3.703703704
RK Singh,RA Jadeja,22,40,41,0,181.8181818,0
RK Singh,T Natarajan,28,39,43,3,139.2857143,10.71428571
RM Patidar,R Ashwin,28,25,27,2,89.28571429,7.142857143
RM Patidar,Ravi Bishnoi,21,45,48,0,214.2857143,0
RM Patidar,YS Chahal,36,51,55,2,141.6666667,5.555555556
RR Pant,B Kumar,25,50,51,0,200,0
RR Pant,CV Varun,28,31,32,2,110.7142857,7.142857143
RR Pant,DJ Bravo,20,23,25,0,115,0
RR Pant,HV Patel,22,31,34,2,140.9090909,9.090909091
RR Pant,M Pathirana,23,41,42,2,178.2608696,8.695652174
RR Pant,Noor Ahmad,31,27,28,0,87.09677419,0
RR Pant,PJ Cummins,22,23,24,1,104.5454545,4.545454545
RR Pant,R Ashwin,23,25,25,0,108.6956522,0
RR Pant,RA Jadeja,27,34,35,1,125.9259259,3.703703704
RR Pant,Rashid Khan,41,56,58,0,136.5853659,0
RR Pant,Ravi Bishnoi,34,41,42,1,120.5882353,2.941176471
RR Pant,SP Narine,29,29,29,0,100,0
RR Pant,YS Chahal,26,40,40,2,153.8461538,7.692307692
RV Uthappa,Avesh Khan,20,40,46,0,200,0
Rahmanullah Gurbaz,B Kumar,20,22,23,1,110,5
S Dhawan,AS Joseph,20,30,30,0,150,0
S Dhawan,B Kumar,53,57,61,2,107.5471698,3.773584906
S Dhawan,CV Varun,49,49,54,2,100,4.081632653
S Dhawan,DJ Bravo,30,52,56,1,173.3333333,3.333333333
S Dhawan,DL Chahar,23,40,40,0,173.9130435,0
S Dhawan,J Suchith,24,32,34,0,133.3333333,0
S Dhawan,KK Ahmed,24,22,24,0,91.66666667,0
S Dhawan,LH Ferguson,35,31,38,1,88.57142857,2.857142857
S Dhawan,Mohammed Shami,30,47,48,0,156.6666667,0
S Dhawan,RA Jadeja,23,25,26,0,108.6956522,0
S Dhawan,Rashid Khan,35,31,33,3,88.57142857,8.571428571
S Dhawan,Ravi Bishnoi,24,33,33,1,137.5,4.166666667
S Dhawan,SN Thakur,26,35,38,3,134.6153846,11.53846154
S Dhawan,SP Narine,37,43,44,0,116.2162162,0
S Dhawan,T Natarajan,21,38,38,0,180.952381,0
S Dhawan,TA Boult,34,29,33,0,85.29411765,0
S Dhawan,TG Southee,20,26,26,1,130,5
S Dhawan,YS Chahal,21,40,40,0,190.4761905,0
S Dube,AS Joseph,31,32,43,1,103.2258065,3.225806452
S Dube,Arshdeep Singh,24,30,33,3,125,12.5
S Dube,C Green,20,19,20,1,95,5
S Dube,CV Varun,46,64,67,1,139.1304348,2.173913043
S Dube,GJ Maxwell,20,21,21,0,105,0
S Dube,JJ Bumrah,29,16,18,2,55.17241379,6.896551724
S Dube,LH Ferguson,28,26,29,1,92.85714286,3.571428571
S Dube,MM Sharma,25,30,32,1,120,4
S Dube,PWH de Silva,29,59,66,1,203.4482759,3.448275862
S Dube,R Ashwin,22,35,38,2,159.0909091,9.090909091
S Dube,SN Thakur,43,62,68,0,144.1860465,0
S Dube,SP Narine,47,43,43,0,91.4893617,0
S Dube,Suyash Sharma,24,38,38,0,158.3333333,0
S Dube,VG Arora,21,33,35,2,157.1428571,9.523809524
SA Yadav,Akash Deep,21,48,49,0,228.5714286,0
SA Yadav,Arshdeep Singh,37,42,46,3,113.5135135,8.108108108
SA Yadav,Avesh Khan,24,29,30,3,120.8333333,12.5
SA Yadav,CV Varun,40,37,38,0,92.5,0
SA Yadav,HV Patel,35,45,49,0,128.5714286,0
SA Yadav,Harpreet Brar,26,33,33,0,126.9230769,0
SA Yadav,JO Holder,24,41,43,1,170.8333333,4.166666667
SA Yadav,K Rabada,33,62,62,1,187.8787879,3.03030303
SA Yadav,KA Jamieson,24,42,42,1,175,4.166666667
SA Yadav,M Jansen,21,45,48,1,214.2857143,4.761904762
SA Yadav,Mohammed Siraj,21,48,51,1,228.5714286,4.761904762
SA Yadav,Noor Ahmad,43,55,57,2,127.9069767,4.651162791
SA Yadav,PJ Cummins,38,44,45,2,115.7894737,5.263157895
SA Yadav,R Ashwin,36,58,58,0,161.1111111,0
SA Yadav,R Sai Kishore,27,45,45,2,166.6666667,7.407407407
SA Yadav,RA Jadeja,26,34,36,2,130.7692308,7.692307692
SA Yadav,RD Chahar,27,37,37,0,137.037037,0
SA Yadav,Rashid Khan,58,92,93,0,158.6206897,0
SA Yadav,Ravi Bishnoi,52,85,85,3,163.4615385,5.769230769
SA Yadav,SM Curran,24,54,55,1,225,4.166666667
SA Yadav,SP Narine,45,57,59,0,126.6666667,0
SA Yadav,Vijaykumar Vyshak,29,43,45,2,148.2758621,6.896551724
SA Yadav,YS Chahal,42,58,60,2,138.0952381,4.761904762
SM Curran,YS Chahal,29,60,61,0,206.8965517,0
SO Hetmyer,Arshdeep Singh,33,47,50,1,142.4242424,3.03030303
SO Hetmyer,B Kumar,20,34,37,1,170,5
SO Hetmyer,HV Patel,41,55,58,1,134.1463415,2.43902439
SO Hetmyer,MM Ali,24,27,27,0,112.5,0
SO Hetmyer,Mohammed Siraj,32,47,52,2,146.875,6.25
SO Hetmyer,Rashid Khan,38,48,50,1,126.3157895,2.631578947
SO Hetmyer,SM Curran,21,46,48,2,219.047619,9.523809524
SO Hetmyer,T Natarajan,20,29,30,2,145,10
SP Narine,Mohammed Siraj,25,31,36,1,124,4
SP Narine,PJ Cummins,22,47,49,2,213.6363636,9.090909091
SP Narine,R Ashwin,41,73,82,1,178.0487805,2.43902439
SP Narine,Rasikh Salam,21,43,46,1,204.7619048,4.761904762
SP Narine,Ravi Bishnoi,21,37,37,1,176.1904762,4.761904762
SP Narine,Yash Dayal,24,34,45,1,141.6666667,4.166666667
SS Iyer,AR Patel,37,55,57,0,148.6486486,0
SS Iyer,JJ Bumrah,22,22,23,0,100,0
SS Iyer,JR Hazlewood,21,10,10,4,47.61904762,19.04761905
SS Iyer,K Rabada,20,38,41,0,190,0
SS Iyer,Kuldeep Yadav,34,50,52,3,147.0588235,8.823529412
SS Iyer,M Prasidh Krishna,22,51,51,0,231.8181818,0
SS Iyer,Mohsin Khan,22,6,8,0,27.27272727,0
SS Iyer,R Ashwin,24,36,37,0,150,0
SS Iyer,RA Jadeja,24,27,27,0,112.5,0
SS Iyer,Rashid Khan,22,31,32,0,140.9090909,0
SS Iyer,SN Thakur,25,33,35,0,132,0
SS Iyer,TA Boult,32,45,47,1,140.625,3.125
SS Iyer,YS Chahal,24,25,28,2,104.1666667,8.333333333
SV Samson,Arshdeep Singh,37,66,66,1,178.3783784,2.702702703
SV Samson,Avesh Khan,25,28,29,0,112,0
SV Samson,B Kumar,31,30,30,2,96.77419355,6.451612903
SV Samson,CV Varun,24,39,40,0,162.5,0
SV Samson,HV Patel,21,25,25,2,119.047619,9.523809524
SV Samson,JJ Bumrah,20,18,25,0,90,0
SV Samson,JO Holder,21,21,22,2,100,9.523809524
SV Samson,K Rabada,20,26,28,2,130,10
SV Samson,KH Pandya,28,33,33,1,117.8571429,3.571428571
SV Samson,KK Ahmed,55,74,82,1,134.5454545,1.818181818
SV Samson,MM Sharma,24,23,26,0,95.83333333,0
SV Samson,Mohammed Shami,32,59,59,0,184.375,0
SV Samson,Mohammed Siraj,24,21,21,1,87.5,4.166666667
SV Samson,Mohsin Khan,23,45,46,0,195.6521739,0
SV Samson,Mukesh Kumar,23,43,43,1,186.9565217,4.347826087
SV Samson,PWH de Silva,32,38,39,3,118.75,9.375
SV Samson,R Ashwin,20,27,29,1,135,5
SV Samson,RA Jadeja,29,22,23,1,75.86206897,3.448275862
SV Samson,Rashid Khan,56,77,80,1,137.5,1.785714286
SV Samson,Ravi Bishnoi,25,49,50,0,196,0
SV Samson,SN Thakur,20,31,33,1,155,5
SV Samson,SP Narine,37,27,35,0,72.97297297,0
SV Samson,Simarjeet Singh,23,28,35,1,121.7391304,4.347826087
SV Samson,T Natarajan,22,31,33,1,140.9090909,4.545454545
SV Samson,UT Yadav,26,40,43,0,153.8461538,0
SV Samson,YS Chahal,20,31,31,0,155,0
SV Samson,Yash Thakur,22,50,53,0,227.2727273,0
Shashank Singh,B Kumar,20,34,36,1,170,5
Shashank Singh,JR Hazlewood,24,45,46,0,187.5,0
Shashank Singh,Noor Ahmad,26,41,44,0,157.6923077,0
Shashank Singh,RA Jadeja,21,25,25,1,119.047619,4.761904762
Shubman Gill,AR Patel,48,65,65,0,135.4166667,0
Shubman Gill,Arshdeep Singh,41,51,53,1,124.3902439,2.43902439
Shubman Gill,Avesh Khan,51,65,65,4,127.4509804,7.843137255
Shubman Gill,B Kumar,44,45,46,3,102.2727273,6.818181818
Shubman Gill,CV Varun,27,42,47,0,155.5555556,0
Shubman Gill,DL Chahar,60,77,81,5,128.3333333,8.333333333
Shubman Gill,HH Pandya,20,18,22,1,90,5
Shubman Gill,HV Patel,47,61,64,1,129.787234,2.127659574
Shubman Gill,Harpreet Brar,28,36,36,0,128.5714286,0
Shubman Gill,I Sharma,22,29,30,1,131.8181818,4.545454545
Shubman Gill,JD Unadkat,27,31,31,0,114.8148148,0
Shubman Gill,JJ Bumrah,23,19,19,2,82.60869565,8.695652174
Shubman Gill,K Kartikeya,22,34,34,1,154.5454545,4.545454545
Shubman Gill,K Rabada,55,76,77,2,138.1818182,3.636363636
Shubman Gill,KH Pandya,39,43,43,1,110.2564103,2.564102564
Shubman Gill,Kuldeep Yadav,25,42,43,0,168,0
Shubman Gill,M Jansen,34,38,43,0,111.7647059,0
Shubman Gill,M Theekshana,23,32,35,1,139.1304348,4.347826087
Shubman Gill,MJ Santner,27,43,43,0,159.2592593,0
Shubman Gill,Mohammed Shami,26,45,45,1,173.0769231,3.846153846
Shubman Gill,Mohammed Siraj,43,52,56,1,120.9302326,2.325581395
Shubman Gill,Mustafizur Rahman,29,30,31,1,103.4482759,3.448275862
Shubman Gill,PP Chawla,24,45,45,1,187.5,4.166666667
Shubman Gill,PVD Chameera,24,32,38,1,133.3333333,4.166666667
Shubman Gill,R Ashwin,55,84,88,1,152.7272727,1.818181818
Shubman Gill,RA Jadeja,45,63,64,1,140,2.222222222
Shubman Gill,RD Chahar,29,48,50,1,165.5172414,3.448275862
Shubman Gill,SN Thakur,37,46,50,0,124.3243243,0
Shubman Gill,SP Narine,25,35,36,2,140,8
Shubman Gill,Sandeep Sharma,33,29,32,2,87.87878788,6.060606061
Shubman Gill,Shahbaz Ahmed,22,28,31,1,127.2727273,4.545454545
Shubman Gill,T Natarajan,24,43,43,0,179.1666667,0
Shubman Gill,TA Boult,51,60,61,1,117.6470588,1.960784314
Shubman Gill,TU Deshpande,38,60,62,2,157.8947368,5.263157895
Shubman Gill,VG Arora,24,37,37,1,154.1666667,4.166666667
Shubman Gill,YS Chahal,48,58,59,3,120.8333333,6.25
Shubman Gill,Zeeshan Ansari,22,35,35,0,159.0909091,0
T Stubbs,Sandeep Sharma,23,54,55,1,234.7826087,4.347826087
TH David,SM Curran,20,41,45,0,205,0
TM Head,A Kamboj,22,34,36,1,154.5454545,4.545454545
TM Head,Avesh Khan,20,44,46,1,220,5
TM Head,DL Chahar,20,22,23,0,110,0
TM Head,Sandeep Sharma,23,25,27,1,108.6956522,4.347826087
TM Head,TA Boult,27,27,29,1,100,3.703703704
TM Head,WG Jacks,21,29,32,2,138.0952381,9.523809524
TM Head,YS Chahal,22,48,48,1,218.1818182,4.545454545
Tilak Varma,Akash Deep,20,31,31,1,155,5
Tilak Varma,Avesh Khan,24,30,32,0,125,0
Tilak Varma,CV Varun,22,32,33,1,145.4545455,4.545454545
Tilak Varma,HV Patel,22,38,41,0,172.7272727,0
Tilak Varma,Kuldeep Yadav,45,64,66,0,142.2222222,0
Tilak Varma,M Markande,24,37,40,0,154.1666667,0
Tilak Varma,Mohammed Siraj,20,25,30,1,125,5
Tilak Varma,PJ Cummins,25,34,35,1,136,4
Tilak Varma,R Ashwin,50,60,62,1,120,2
Tilak Varma,RA Jadeja,37,49,49,1,132.4324324,2.702702703
Tilak Varma,Rashid Khan,26,26,27,2,100,7.692307692
Tilak Varma,Ravi Bishnoi,30,49,50,1,163.3333333,3.333333333
Tilak Varma,Suyash Sharma,20,22,24,1,110,5
Tilak Varma,TA Boult,33,34,43,0,103.030303,0
Tilak Varma,YS Chahal,45,72,73,1,160,2.222222222
V Kohli,AR Patel,30,33,33,0,110,0
V Kohli,Arshdeep Singh,58,91,100,2,156.8965517,3.448275862
V Kohli,Avesh Khan,46,75,79,3,163.0434783,6.52173913
V Kohli,B Kumar,38,65,66,2,171.0526316,5.263157895
V Kohli,CV Varun,32,40,40,1,125,3.125
V Kohli,DL Chahar,25,34,37,0,136,0
V Kohli,HV Patel,23,37,40,1,160.8695652,4.347826087
V Kohli,Harpreet Brar,68,74,79,2,108.8235294,2.941176471
V Kohli,Harshit Rana,24,33,33,1,137.5,4.166666667
V Kohli,I Sharma,22,36,37,1,163.6363636,4.545454545
V Kohli,JC Archer,33,45,51,1,136.3636364,3.03030303
V Kohli,JD Unadkat,30,30,32,2,100,6.666666667
V Kohli,JJ Bumrah,23,35,37,2,152.173913,8.695652174
V Kohli,KH Pandya,56,58,59,0,103.5714286,0
V Kohli,KK Ahmed,21,35,36,0,166.6666667,0
V Kohli,Kuldeep Yadav,29,38,38,0,131.0344828,0
V Kohli,LH Ferguson,21,24,24,0,114.2857143,0
V Kohli,M Jansen,20,26,28,1,130,5
V Kohli,M Theekshana,23,28,29,0,121.7391304,0
V Kohli,MA Starc,32,59,64,1,184.375,3.125
V Kohli,MJ Santner,23,32,32,1,139.1304348,4.347826087
V Kohli,Mohammed Shami,49,63,71,1,128.5714286,2.040816327
V Kohli,Noor Ahmad,45,63,64,2,140,4.444444444
V Kohli,PWH de Silva,20,27,27,0,135,0
V Kohli,R Ashwin,26,21,23,0,80.76923077,0
V Kohli,R Sai Kishore,24,27,27,0,112.5,0
V Kohli,RA Jadeja,47,56,60,1,119.1489362,2.127659574
V Kohli,RD Chahar,35,37,38,0,105.7142857,0
V Kohli,Rashid Khan,50,68,68,1,136,2
V Kohli,Ravi Bishnoi,34,24,28,1,70.58823529,2.941176471
V Kohli,SM Curran,45,70,74,2,155.5555556,4.444444444
V Kohli,SP Narine,35,37,37,2,105.7142857,5.714285714
V Kohli,Sandeep Sharma,34,59,60,0,173.5294118,0
V Kohli,T Natarajan,29,53,54,0,182.7586207,0
V Kohli,TA Boult,46,55,58,1,119.5652174,2.173913043
V Kohli,YS Chahal,48,63,64,1,131.25,2.083333333
V Kohli,Yash Dayal,26,48,48,0,184.6153846,0
V Shankar,Kuldeep Yadav,24,31,31,1,129.1666667,4.166666667
VR Iyer,AR Patel,24,26,27,2,108.3333333,8.333333333
VR Iyer,B Kumar,37,49,52,0,132.4324324,0
VR Iyer,HV Patel,30,30,33,3,100,10
VR Iyer,JJ Bumrah,28,33,38,2,117.8571429,7.142857143
VR Iyer,M Jansen,20,14,17,3,70,15
VR Iyer,Mohammed Siraj,37,31,34,0,83.78378378,0
VR Iyer,NT Ellis,21,33,35,0,157.1428571,0
VR Iyer,PP Chawla,22,18,18,1,81.81818182,4.545454545
VR Iyer,R Ashwin,32,36,37,0,112.5,0
VR Iyer,RD Chahar,25,26,27,1,104,4
VR Iyer,Rashid Khan,28,32,33,1,114.2857143,3.571428571
VR Iyer,Ravi Bishnoi,28,30,33,1,107.1428571,3.571428571
VR Iyer,TA Boult,21,19,20,0,90.47619048,0
VR Iyer,YS Chahal,20,39,39,2,195,10
WG Jacks,Rashid Khan,22,40,44,1,181.8181818,4.545454545
WP Saha,Arshdeep Singh,27,42,46,2,155.5555556,7.407407407
WP Saha,DL Chahar,52,67,68,3,128.8461538,5.769230769
WP Saha,K Rabada,30,38,44,4,126.6666667,13.33333333
WP Saha,KK Ahmed,29,37,41,1,127.5862069,3.448275862
WP Saha,Mohammed Siraj,30,17,27,3,56.66666667,10
WP Saha,Mohsin Khan,20,32,34,1,160,5
WP Saha,Mukesh Choudhary,21,26,26,0,123.8095238,0
WP Saha,RA Jadeja,22,27,27,2,122.7272727,9.090909091
WP Saha,Ravi Bishnoi,23,20,23,0,86.95652174,0
WP Saha,UT Yadav,23,22,25,1,95.65217391,4.347826087
YBK Jaiswal,AU Rashid,22,30,30,0,136.3636364,0
YBK Jaiswal,Arshdeep Singh,39,58,63,2,148.7179487,5.128205128
YBK Jaiswal,B Kumar,59,101,104,0,171.1864407,0
YBK Jaiswal,CV Varun,20,24,25,0,120,0
YBK Jaiswal,JR Hazlewood,32,81,81,3,253.125,9.375
YBK Jaiswal,KK Ahmed,30,58,61,2,193.3333333,6.666666667
YBK Jaiswal,M Jansen,30,56,58,1,186.6666667,3.333333333
YBK Jaiswal,MM Ali,23,21,21,2,91.30434783,8.695652174
YBK Jaiswal,MP Stoinis,20,26,26,2,130,10
YBK Jaiswal,Mohammed Shami,33,38,41,0,115.1515152,0
YBK Jaiswal,Mohammed Siraj,48,60,64,1,125,2.083333333
YBK Jaiswal,Mohsin Khan,20,31,31,1,155,5
YBK Jaiswal,PP Chawla,23,46,46,0,200,0
YBK Jaiswal,RD Chahar,23,37,37,1,160.8695652,4.347826087
YBK Jaiswal,RP Meredith,20,45,46,0,225,0
YBK Jaiswal,Rashid Khan,21,21,25,1,100,4.761904762
YBK Jaiswal,SM Curran,31,45,46,1,145.1612903,3.225806452
YBK Jaiswal,SN Thakur,22,45,45,0,204.5454545,0
YBK Jaiswal,Sandeep Sharma,31,53,54,1,170.9677419,3.225806452
YBK Jaiswal,Yash Dayal,32,61,61,2,190.625,6.25
